OTU,Kingdom,Phylum,Class,Order,Family,GenusOTU_4,Fungi(100.0),Ascomycota(100.0),Pezizomycetes(99.3),Pezizales(98.5),Pyronemataceae(96.1),Pseudaleuria(83.1)OTU_3,Fungi(100.0),Basidiomycota(100.0),Tremellomycetes(99.9),Trichosporonales(99.8),Trichosporonaceae(99.6),Trichosporon(98.0)OTU_6,Fungi(100.0),Ascomycota(100.0),Sordariomycetes(96.0),Hypocreales(84.7),Cordycipitaceae(68.6),Beauveria(58.3)OTU_22,Fungi(100.0),Basidiomycota(52.9),Agaricomycetes(52.9),Agaricales(34.0),Entolomataceae(30.7),Entoloma(30.7)OTU_21,Fungi(100.0),Basidiomycota(37.2),Agaricomycetes(37.2),Boletales(26.8),Boletaceae(26.8),Octaviania(26.8)OTU_5,Fungi(100.0),Ascomycota(100.0),Sordariomycetes(94.5),Hypocreales(90.7),Bionectriaceae(74.2),Hydropisphaera(58.3)OTU_25,Fungi(100.0),Basidiomycota(30.3),Agaricomycetes(30.3),Russulales(23.9),Russulaceae(23.9),Russula(23.9)OTU_26,Fungi(100.0),Basidiomycota(30.3),Agaricomycetes(30.3),Cantharellales(23.9),Cantharellaceae(23.9),Craterellus(23.9)OTU_10,Fungi(100.0),Basidiomycota(32.6),Agaricomycetes(32.6),Boletales(25.0),Paxillaceae(25.0),Melanogaster(25.0)OTU_2,Fungi(100.0),Ascomycota(100.0),Dothideomycetes(99.8),Capnodiales(99.6),Davidiellaceae(99.2),Cladosporium(88.9)OTU_23,Fungi(100.0),Ascomycota(100.0),Sordariomycetes(99.4),Sordariales(97.7),Chaetomiaceae(92.8),Chaetomium(75.1)OTU_27,Fungi(100.0),Chytridiomycota(100.0),Chytridiomycetes(100.0),Spizellomycetales(100.0),Spizellomycetaceae(99.9),Spizellomyces(99.2)OTU_24,Fungi(100.0),Ascomycota(100.0),Dothideomycetes(98.1),Pleosporales(97.1),Leptosphaeriaceae(87.9),Leptosphaeria(69.6)OTU_33,Fungi(100.0),Ascomycota(100.0),Pezizomycetes(96.6),Pezizales(94.4),Pyronemataceae(85.3),Scutellinia(66.4)OTU_31,Fungi(100.0),Ascomycota(100.0),Eurotiomycetes(99.7),Eurotiales(99.2),Trichocomaceae(96.2),Aspergillus(79.1)OTU_13,Fungi(100.0),Ascomycota(100.0),Sordariomycetes(99.9),Microascales(99.9),Microascaceae(99.8),Scedosporium(90.8)OTU_30,Fungi(100.0),Ascomycota(100.0),Saccharomycetes(98.0),Saccharomycetales(96.9),Pichiaceae(76.0),Pichia(61.9)OTU_32,Fungi(100.0),Ascomycota(100.0),Dothideomycetes(99.6),Pleosporales(98.1),Pleosporaceae(94.3),Alternaria(73.5)OTU_8,Fungi(100.0),Ascomycota(100.0),Sordariomycetes(99.6),Hypocreales(98.8),Nectriaceae(96.7),Haematonectria(78.5)OTU_29,Fungi(100.0),Ascomycota(100.0),Pezizomycetes(99.8),Pezizales(99.6),Pyronemataceae(99.2),Scutellinia(88.5)OTU_28,Fungi(100.0),Ascomycota(100.0),Sordariomycetes(99.8),Hypocreales(99.7),Bionectriaceae(99.0),Clonostachys(84.2)OTU_34,Fungi(100.0),Basidiomycota(30.3),Agaricomycetes(30.3),Agaricales(23.9),Pleurotaceae(23.9),Pleurotus(23.9)OTU_35,Fungi(100.0),Ascomycota(100.0),Sordariomycetes(99.7),Sordariales(99.1),Lasiosphaeriaceae(98.5),Podospora(93.3)OTU_37,Fungi(100.0),Basidiomycota(30.8),Agaricomycetes(30.8),Sebacinales(25.0),Sebacinaceae(25.0),Sebacina(25.0)OTU_42,Fungi(100.0),Ascomycota(100.0),Dothideomycetes(99.8),Pleosporales(99.4),Pleosporaceae(99.0),Alternaria(86.6)OTU_39,Fungi(100.0),Basidiomycota(32.6),Agaricomycetes(32.6),Agaricales(25.0),Amanitaceae(25.0),Amanita(25.0)OTU_40,Fungi(100.0),Chytridiomycota(52.9),Chytridiomycetes(52.9),Spizellomycetales(34.0),Spizellomycetaceae(32.7),Spizellomyces(32.7)OTU_43,Fungi(100.0),Basidiomycota(37.2),Agaricomycetes(37.2),Polyporales(26.8),Meruliaceae(26.8),Hyphoderma(26.8)OTU_44,Fungi(100.0),Basidiomycota(37.2),Agaricomycetes(37.2),Polyporales(25.0),Ganodermataceae(25.0),Ganoderma(25.0)OTU_45,Fungi(100.0),Ascomycota(100.0),Sordariomycetes(99.8),Sordariales(99.7),Chaetomiaceae(98.5),Chaetomium(90.5)OTU_49,Fungi(100.0),Chytridiomycota(100.0),Chytridiomycetes(99.9),Spizellomycetales(99.9),Spizellomycetaceae(99.9),Spizellomyces(98.8)OTU_41,Fungi(100.0),Ascomycota(30.1),Sordariomycetes(30.1),Hypocreales(23.6),Hypocreaceae(23.6),Cladobotryum(23.6)OTU_1,Fungi(100.0),Ascomycota(100.0),Sordariomycetes(99.7),Sordariales(99.1),Chaetomiaceae(96.2),Humicola(79.7)OTU_36,Fungi(100.0),Basidiomycota(30.3),Agaricomycetes(30.3),Boletales(23.9),Suillaceae(23.9),Suillus(23.9)OTU_50,Fungi(100.0),Ascomycota(98.8),Saccharomycetes(89.6),Saccharomycetales(82.9),Saccharomycetaceae(66.5),Williopsis(55.8)OTU_46,Fungi(100.0),Ascomycota(43.7),Lecanoromycetes(43.7),Teloschistales(30.0),Teloschistaceae(29.5),Caloplaca(29.5)OTU_47,Fungi(100.0),Ascomycota(32.6),Dothideomycetes(32.6),Pleosporales(26.8),Pleosporaceae(26.8),Alternaria(26.8)OTU_51,Fungi(100.0),Ascomycota(37.2),Pezizomycetes(37.2),Pezizales(26.8),Helvellaceae(26.8),Helvella(26.8)OTU_38,Fungi(100.0),Ascomycota(30.8),Sordariomycetes(30.8),Hypocreales(23.9),Cordycipitaceae(23.9),Beauveria(23.9)OTU_54,Fungi(100.0),Ascomycota(52.9),Pezizomycetes(52.9),Pezizales(34.0),Morchellaceae(32.7),Morchella(32.7)OTU_55,Fungi(100.0),Glomeromycota(30.8),Glomeromycetes(30.8),Diversisporales(25.0),Gigasporaceae(25.0),Cetraspora(25.0)OTU_11,Fungi(100.0),Ascomycota(99.9),Sordariomycetes(82.9),Diaporthales(63.6),Diaporthaceae(43.9),Diaporthe(43.9)OTU_53,Fungi(100.0),Ascomycota(100.0),Sordariomycetes(98.5),Sordariales(97.4),Chaetomiaceae(72.8),Chaetomium(59.7)OTU_56,Fungi(100.0),Ascomycota(100.0),Eurotiomycetes(99.7),Eurotiales(99.3),Trichocomaceae(96.5),Penicillium(83.6)OTU_57,Fungi(100.0),Ascomycota(100.0),Orbiliomycetes(99.8),Orbiliales(99.6),Orbiliaceae(99.3),Arthrobotrys(86.6)OTU_58,Fungi(100.0),Ascomycota(100.0),Sordariomycetes(99.4),Chaetosphaeriales(98.5),Chaetosphaeriaceae(96.2),Codinaeopsis(86.2)OTU_52,Fungi(100.0),Ascomycota(100.0),Leotiomycetes(99.3),Helotiales(98.5),Vibrisseaceae(96.4),Myxocephala(86.6)OTU_7,Fungi(100.0),Ascomycota(30.8),Leotiomycetes(30.8),Erysiphales(25.0),Erysiphaceae(25.0),Leveillula(25.0)OTU_12,Fungi(100.0),Ascomycota(98.8),Dothideomycetes(88.5),Pleosporales(68.1),Phaeosphaeriaceae(47.5),Phaeosphaeria(47.5)OTU_59,Fungi(100.0),Basidiomycota(30.3),Agaricomycetes(30.3),Boletales(23.9),Boletaceae(23.9),Strobilomyces(23.9)OTU_60,Fungi(100.0),Basidiomycota(32.6),Agaricomycetes(32.6),Agaricales(25.0),Cortinariaceae(25.0),Cortinarius(25.0)OTU_61,Fungi(100.0),Basidiomycota(52.9),Agaricomycetes(52.9),Cantharellales(34.0),Tulasnellaceae(32.7),Tulasnella(32.7)OTU_14,Fungi(100.0),Ascomycota(100.0),Sordariomycetes(98.9),Hypocreales(96.2),Nectriaceae(83.2),Nectria(66.4)OTU_15,Fungi(100.0),Ascomycota(100.0),Sordariomycetes(99.1),Hypocreales(98.2),Nectriaceae(86.3),Pleonectria(65.1)OTU_64,Fungi(100.0),Ascomycota(100.0),Sordariomycetes(88.5),Xylariales(72.2),Xylariaceae(51.4),Nodulisporium(51.4)OTU_63,Fungi(100.0),Ascomycota(100.0),Sordariomycetes(99.5),Hypocreales(98.7),Nectriaceae(97.2),Fusarium(85.8)OTU_16,Fungi(100.0),Ascomycota(100.0),Sordariomycetes(99.4),Coniochaetales(98.6),Coniochaetaceae(96.7),Coniochaeta(81.4)OTU_65,Fungi(100.0),Glomeromycota(87.6),Glomeromycetes(81.2),Glomerales(63.6),Glomeraceae(47.5),Glomus(47.5)OTU_68,Fungi(100.0),Ascomycota(30.3),Pezizomycetes(30.3),Pezizales(23.9),Pyronemataceae(23.9),Scutellinia(23.9)OTU_67,Fungi(100.0),Ascomycota(37.2),Eurotiomycetes(37.2),Chaetothyriales(26.8),Herpotrichiellaceae(26.8),Exophiala(26.8)OTU_69,Fungi(100.0),Basidiomycota(32.6),Agaricomycetes(32.6),Boletales(25.0),Boletaceae(25.0),Borofutus(25.0)OTU_70,Fungi(100.0),Basidiomycota(37.2),Agaricomycetes(37.2),Cantharellales(26.8),Tulasnellaceae(26.8),Tulasnella(26.8)OTU_72,Fungi(100.0),Ascomycota(100.0),Dothideomycetes(94.1),Pleosporales(84.7),Leptosphaeriaceae(68.6),Plenodomus(55.8)OTU_75,Fungi(100.0),Ascomycota(32.6),Leotiomycetes(32.6),Erysiphales(25.0),Erysiphaceae(25.0),Leveillula(25.0)OTU_71,Fungi(100.0),Basidiomycota(37.2),Agaricomycetes(37.2),Cantharellales(25.0),Tulasnellaceae(25.0),Tulasnella(25.0)OTU_73,Fungi(100.0),Basidiomycota(30.3),Agaricomycetes(30.3),Agaricales(23.9),Agaricaceae(23.9),Lepiota(23.9)OTU_79,Fungi(100.0),Basidiomycota(37.2),Agaricomycetes(37.2),Boletales(26.8),Boletaceae(26.8),Borofutus(26.8)OTU_62,Fungi(100.0),Ascomycota(100.0),Sordariomycetes(98.6),Hypocreales(97.2),Hypocreaceae(92.2),Gliocladium(77.8)OTU_81,Fungi(100.0),Ascomycota(100.0),Dothideomycetes(95.6),Pleosporales(92.3),Lindgomycetaceae(76.0),Lindgomyces(62.9)OTU_82,Fungi(100.0),Basidiomycota(43.7),Agaricomycetes(43.7),Boletales(30.0),Boletaceae(29.5),Phylloporus(29.5)OTU_85,Fungi(100.0),Basidiomycota(37.2),Agaricomycetes(37.2),Cantharellales(30.0),Tulasnellaceae(29.5),Tulasnella(29.5)OTU_84,Fungi(100.0),Glomeromycota(100.0),Glomeromycetes(99.8),Glomerales(99.6),Glomeraceae(99.3),Glomus(96.5)OTU_80,Fungi(100.0),Chytridiomycota(100.0),Chytridiomycetes(99.9),Spizellomycetales(99.9),Spizellomycetaceae(99.9),Spizellomyces(98.8)OTU_18,Fungi(100.0),Ascomycota(100.0),Sordariomycetes(99.0),Hypocreales(98.0),Hypocreaceae(94.3),Gliocladium(80.9)OTU_74,Fungi(100.0),Basidiomycota(37.2),Agaricomycetes(37.2),Boletales(26.8),Boletaceae(26.8),Strobilomyces(26.8)OTU_17,Fungi(100.0),Ascomycota(100.0),Sordariomycetes(97.4),Hypocreales(96.0),Nectriaceae(86.3),Fusicolla(66.4)OTU_83,Fungi(100.0),Basidiomycota(30.8),Agaricomycetes(30.8),Agaricales(25.0),Marasmiaceae(25.0),Gymnopus(25.0)OTU_77,Fungi(100.0),Basidiomycota(32.6),Agaricomycetes(32.6),Agaricales(25.0),Marasmiaceae(25.0),Gymnopus(25.0)OTU_66,Fungi(100.0),Basidiomycota(30.8),Agaricomycetes(30.8),Thelephorales(23.9),Bankeraceae(23.9),Phellodon(23.9)OTU_88,Fungi(100.0),Ascomycota(100.0),Sordariomycetes(99.1),Sordariales(97.2),Lasiosphaeriaceae(85.3),Zopfiella(70.5)OTU_91,Fungi(100.0),Ascomycota(100.0),Sordariomycetes(99.7),Hypocreales(99.4),Nectriaceae(99.0),Fusarium(81.4)OTU_86,Fungi(100.0),Glomeromycota(100.0),Glomeromycetes(99.7),Glomerales(99.1),Glomeraceae(98.3),Glomus(92.8)OTU_87,Fungi(100.0),Glomeromycota(100.0),Glomeromycetes(99.4),Glomerales(98.6),Glomeraceae(96.6),Glomus(87.5)OTU_76,Fungi(100.0),Ascomycota(30.8),Dothideomycetes(30.8),Pleosporales(23.9),Pleosporaceae(23.9),Alternaria(23.9)OTU_9,Fungi(100.0),Basidiomycota(37.2),Agaricomycetes(37.2),Agaricales(25.0),Agaricaceae(25.0),Coprinus(25.0)OTU_78,Fungi(100.0),Ascomycota(100.0),Sordariomycetes(99.5),Hypocreales(98.7),Nectriaceae(93.6),Volutella(80.3)OTU_89,Fungi(100.0),Basidiomycota(32.6),Agaricomycetes(32.6),Boletales(25.0),Boletaceae(25.0),Boletus(25.0)OTU_90,Fungi(100.0),Basidiomycota(99.6),Tremellomycetes(86.3),Filobasidiales(72.2),Filobasidiaceae(55.1),Cryptococcus(52.0)OTU_19,Fungi(100.0),Ascomycota(100.0),Eurotiomycetes(99.7),Eurotiales(99.3),Trichocomaceae(98.8),Penicillium(85.2)OTU_97,Fungi(100.0),Ascomycota(100.0),Sordariomycetes(90.5),Sordariales(78.5),Chaetomiaceae(58.2),Chaetomium(53.4)OTU_92,Fungi(100.0),Basidiomycota(100.0),Agaricomycetes(95.6),Sebacinales(88.8),Sebacinaceae(64.0),Sebacina(55.8)OTU_48,Fungi(100.0),Basidiomycota(100.0),Agaricomycetes(99.7),Agaricales(99.0),Lyophyllaceae(94.9),Lyophyllum(77.1)OTU_100,Fungi(100.0),Ascomycota(32.6),Pezizomycetes(32.6),Pezizales(26.8),Pyronemataceae(26.8),Micronematobotrys(26.8)OTU_94,Fungi(100.0),Ascomycota(100.0),Eurotiomycetes(97.5),Chaetothyriales(96.2),Herpotrichiellaceae(89.2),Capronia(74.4)OTU_95,Fungi(100.0),Ascomycota(100.0),Eurotiomycetes(99.8),Chaetothyriales(99.7),Herpotrichiellaceae(99.4),Exophiala(97.2)OTU_20,Fungi(100.0),Basidiomycota(99.6),Agaricomycetes(93.2),Polyporales(58.2),Phanerochaetaceae(40.9),Rhizochaete(40.9)OTU_93,Fungi(100.0),Basidiomycota(100.0),Agaricomycetes(99.9),Agaricales(99.8),Strophariaceae(99.3),Agrocybe(93.1)OTU_96,Fungi(100.0),Ascomycota(30.8),Pezizomycetes(30.8),Pezizales(23.9),Tuberaceae(23.9),Tuber(23.9)OTU_98,Fungi(100.0),Ascomycota(95.2),Dothideomycetes(79.3),Pleosporales(52.0),Phaeosphaeriaceae(40.9),Phaeoseptoria(40.9)OTU_103,Fungi(100.0),Ascomycota(97.5),Eurotiomycetes(79.3),Eurotiales(39.5),Trichocomaceae(35.3),Penicillium(35.3)OTU_108,Fungi(100.0),Basidiomycota(30.3),Pucciniomycetes(30.3),Pucciniales(23.9),Pucciniaceae(23.9),Gymnosporangium(23.9)OTU_101,Fungi(100.0),Basidiomycota(30.8),Agaricomycetes(30.8),Russulales(23.9),Russulaceae(23.9),Russula(23.9)OTU_110,Fungi(100.0),Ascomycota(30.8),Sordariomycetes(30.8),Xylariales(23.9),Amphisphaeriaceae(23.9),Pestalotiopsis(23.9)OTU_104,Fungi(100.0),Ascomycota(100.0),Pezizomycetes(99.7),Pezizales(99.0),Ascobolaceae(98.2),Ascobolus(92.2)OTU_99,Fungi(100.0),Ascomycota(30.3),Leotiomycetes(30.3),Erysiphales(23.9),Erysiphaceae(23.9),Leveillula(23.9)OTU_106,Fungi(100.0),Basidiomycota(37.2),Agaricomycetes(37.2),Agaricales(26.8),Psathyrellaceae(26.8),Coprinellus(26.8)OTU_107,Fungi(100.0),Basidiomycota(30.8),Agaricomycetes(30.8),Polyporales(25.0),Meruliaceae(25.0),Hyphoderma(25.0)OTU_111,Fungi(100.0),Basidiomycota(32.6),Agaricomycetes(32.6),Agaricales(25.0),Entolomataceae(25.0),Entoloma(25.0)OTU_105,Fungi(100.0),Ascomycota(100.0),Sordariomycetes(99.7),Sordariales(99.3),Lasiosphaeriaceae(97.8),Podospora(88.0)OTU_109,Fungi(100.0),Basidiomycota(37.2),Agaricomycetes(37.2),Polyporales(26.8),Meruliaceae(26.8),Hyphoderma(26.8)OTU_113,Fungi(100.0),Ascomycota(100.0),Sordariomycetes(99.4),Hypocreales(98.6),Nectriaceae(96.7),Gibberella(83.6)OTU_117,Fungi(100.0),Chytridiomycota(70.3),Chytridiomycetes(70.3),Rhizophydiales(45.3),Kappamycetaceae(35.3),Kappamyces(35.3)OTU_102,Fungi(100.0),Basidiomycota(100.0),Agaricomycetes(99.9),Agaricales(99.6),Agaricaceae(98.6),Coprinus(93.6)OTU_112,Fungi(100.0),Ascomycota(100.0),Sordariomycetes(99.8),Hypocreales(99.7),Hypocreaceae(99.5),Trichoderma(87.1)OTU_121,Fungi(100.0),Glomeromycota(100.0),Glomeromycetes(99.6),Glomerales(98.9),Glomeraceae(98.1),Glomus(91.8)OTU_122,Fungi(100.0),Ascomycota(30.8),Eurotiomycetes(30.8),Mycocaliciales(25.0),Sphinctrinaceae(25.0),Sphinctrina(25.0)OTU_115,Fungi(100.0),Ascomycota(37.2),Pezizomycetes(37.2),Pezizales(26.8),Morchellaceae(26.8),Morchella(26.8)OTU_120,Fungi(100.0),Basidiomycota(99.3),Tremellomycetes(84.1),Filobasidiales(68.1),Filobasidiaceae(51.4),Cryptococcus(50.6)OTU_119,Fungi(100.0),Basidiomycota(100.0),Agaricomycetes(99.3),Agaricales(98.5),Clavariaceae(96.4),Clavaria(86.6)OTU_114,Fungi(100.0),Basidiomycota(100.0),Tremellomycetes(100.0),Filobasidiales(100.0),Filobasidiaceae(99.9),Cryptococcus(98.8)OTU_116,Fungi(100.0),Ascomycota(100.0),Sordariomycetes(99.4),Chaetosphaeriales(98.6),Chaetosphaeriaceae(96.7),Chloridium(87.5)OTU_123,Fungi(100.0),Ascomycota(100.0),Sordariomycetes(89.6),Hypocreales(80.9),Cordycipitaceae(51.4),Simplicillium(50.6)OTU_128,Fungi(100.0),Ascomycota(83.2),Eurotiomycetes(79.3),Onygenales(45.3),Onygenaceae(38.0),Amauroascus(38.0)OTU_129,Fungi(100.0),Ascomycota(100.0),Sordariomycetes(92.0),Sordariales(82.9),Lasiosphaeriaceae(51.4),Podospora(50.6)OTU_124,Fungi(100.0),Basidiomycota(32.6),Agaricomycetes(32.6),Boletales(25.0),Boletaceae(25.0),Boletus(25.0)OTU_125,Fungi(100.0),Ascomycota(100.0),Orbiliomycetes(99.4),Orbiliales(98.6),Orbiliaceae(96.6),Duddingtonia(70.5)OTU_127,Fungi(100.0),Ascomycota(30.8),Eurotiomycetes(30.8),Eurotiales(25.0),Trichocomaceae(25.0),Aspergillus(25.0)OTU_118,Fungi(100.0),Ascomycota(30.3),Pezizomycetes(30.3),Pezizales(23.9),Pyronemataceae(23.9),Genea(23.9)OTU_131,Fungi(100.0),Ascomycota(100.0),Eurotiomycetes(99.5),Onygenales(98.7),Onygenaceae(97.2),Auxarthron(86.6)OTU_132,Fungi(100.0),Basidiomycota(32.6),Agaricomycetes(32.6),Agaricales(25.0),Amanitaceae(25.0),Amanita(25.0)OTU_136,Fungi(100.0),Ascomycota(100.0),Sordariomycetes(99.7),Sordariales(98.9),Lasiosphaeriaceae(97.4),Schizothecium(85.8)OTU_135,Fungi(100.0),Basidiomycota(30.8),Agaricomycetes(30.8),Agaricales(23.9),Agaricaceae(23.9),Lepiota(23.9)OTU_126,Fungi(100.0),Ascomycota(100.0),Saccharomycetes(95.6),Saccharomycetales(92.8),Pichiaceae(76.0),Pichia(61.9)OTU_130,Fungi(100.0),Basidiomycota(30.8),Agaricomycetes(30.8),Agaricales(23.9),Agaricaceae(23.9),Cystolepiota(23.9)OTU_134,Fungi(100.0),Ascomycota(30.8),Sordariomycetes(30.8),Ophiostomatales(23.9),Ophiostomataceae(23.9),Grosmannia(23.9)OTU_138,Fungi(100.0),Basidiomycota(30.8),Agaricomycetes(30.8),Cantharellales(25.0),Tulasnellaceae(25.0),Tulasnella(25.0)OTU_133,Fungi(100.0),Ascomycota(100.0),Dothideomycetes(99.7),Capnodiales(99.3),Davidiellaceae(98.7),Davidiella(81.4)OTU_139,Fungi(100.0),Basidiomycota(99.9),Agaricomycetes(91.3),Agaricales(80.9),Clavariaceae(61.2),Clavaria(54.7)OTU_141,Fungi(100.0),Basidiomycota(30.3),Agaricomycetes(30.3),Polyporales(23.9),Meruliaceae(23.9),Hyphoderma(23.9)OTU_144,Fungi(100.0),Ascomycota(30.8),Sordariomycetes(30.8),Hypocreales(25.0),Cordycipitaceae(25.0),Cordyceps(25.0)OTU_143,Fungi(100.0),Ascomycota(30.3),Dothideomycetes(30.3),Capnodiales(23.9),Davidiellaceae(23.9),Cladosporium(23.9)OTU_145,Fungi(100.0),Ascomycota(30.3),Orbiliomycetes(30.3),Orbiliales(23.9),Orbiliaceae(23.9),Dactylellina(23.9)OTU_137,Fungi(100.0),Basidiomycota(32.6),Agaricomycetes(32.6),Agaricales(25.0),Tricholomataceae(25.0),Melanoleuca(25.0)OTU_140,Fungi(100.0),Ascomycota(30.3),Dothideomycetes(30.3),Pleosporales(23.9),Pleosporaceae(23.9),Alternaria(23.9)OTU_142,Fungi(100.0),Basidiomycota(100.0),Agaricomycetes(99.9),Agaricales(99.9),Psathyrellaceae(98.3),Coprinellus(92.8)OTU_150,Fungi(100.0),Chytridiomycota(37.2),Chytridiomycetes(37.2),Rhizophydiales(26.8),Aquamycetaceae(26.8),Aquamyces(26.8)OTU_151,Fungi(100.0),Ascomycota(30.8),Dothideomycetes(30.8),Pleosporales(25.0),Montagnulaceae(25.0),Paraconiothyrium(25.0)OTU_149,Fungi(100.0),Basidiomycota(30.8),Agaricomycetes(30.8),Boletales(25.0),Boletaceae(25.0),Strobilomyces(25.0)OTU_146,Fungi(100.0),Basidiomycota(30.8),Agaricomycetes(30.8),Thelephorales(25.0),Thelephoraceae(25.0),Pseudotomentella(25.0)OTU_147,Fungi(100.0),Basidiomycota(30.3),Agaricomycetes(30.3),Russulales(23.9),Russulaceae(23.9),Russula(23.9)OTU_152,Fungi(100.0),Basidiomycota(30.8),Agaricomycetes(30.8),Agaricales(23.9),Tricholomataceae(23.9),Haasiella(23.9)OTU_148,Fungi(100.0),Ascomycota(100.0),Sordariomycetes(99.8),Hypocreales(99.7),Clavicipitaceae(99.4),Metarhizium(97.0)OTU_155,Fungi(100.0),Basidiomycota(37.2),Agaricomycetes(37.2),Boletales(26.8),Boletaceae(26.8),Boletus(26.8)OTU_157,Fungi(100.0),Basidiomycota(30.3),Agaricomycetes(30.3),Agaricales(23.9),Pleurotaceae(23.9),Pleurotus(23.9)OTU_160,Fungi(100.0),Ascomycota(37.2),Dothideomycetes(37.2),Pleosporales(26.8),Phaeosphaeriaceae(26.8),Vrystaatia(26.8)OTU_156,Fungi(100.0),Ascomycota(100.0),Sordariomycetes(99.2),Sordariales(98.4),Cephalothecaceae(95.8),Cephalotheca(80.9)OTU_162,Fungi(100.0),Ascomycota(100.0),Sordariomycetes(99.7),Sordariales(99.2),Chaetomiaceae(96.2),Chaetomium(83.6)OTU_154,Fungi(100.0),Basidiomycota(100.0),Agaricomycetes(99.4),Thelephorales(98.6),Thelephoraceae(96.6),Tomentella(75.8)OTU_161,Fungi(100.0),Basidiomycota(30.8),Agaricomycetes(30.8),Boletales(25.0),Boletaceae(25.0),Boletus(25.0)OTU_165,Fungi(100.0),Basidiomycota(30.8),Agaricomycetes(30.8),Russulales(25.0),Russulaceae(25.0),Russula(25.0)OTU_153,Fungi(100.0),Basidiomycota(32.6),Agaricomycetes(32.6),Polyporales(23.9),Phanerochaetaceae(23.9),Phanerochaete(23.9)OTU_159,Fungi(100.0),Basidiomycota(100.0),Tremellomycetes(99.8),Filobasidiales(99.4),Filobasidiaceae(99.1),Cryptococcus(95.8)OTU_167,Fungi(100.0),Ascomycota(32.6),Lecanoromycetes(32.6),Peltigerales(25.0),Lobariaceae(25.0),Lobaria(25.0)OTU_158,Fungi(100.0),Basidiomycota(32.6),Agaricomycetes(32.6),Cantharellales(25.0),Tulasnellaceae(25.0),Tulasnella(25.0)OTU_166,Fungi(100.0),Ascomycota(83.2),Sordariomycetes(77.3),Diaporthales(39.5),Togniniaceae(35.3),Phaeoacremonium(35.3)OTU_168,Fungi(100.0),Ascomycota(100.0),Dothideomycetes(94.9),Botryosphaeriales(80.9),Botryosphaeriaceae(64.0),Microdiplodia(55.8)OTU_163,Fungi(100.0),Basidiomycota(30.8),Agaricomycetes(30.8),Agaricales(23.9),Inocybaceae(23.9),Inocybe(23.9)OTU_164,Fungi(100.0),Ascomycota(100.0),Eurotiomycetes(99.7),Chaetothyriales(99.2),Herpotrichiellaceae(98.7),Exophiala(89.6)OTU_169,Fungi(100.0),Basidiomycota(32.6),Agaricomycetes(32.6),Polyporales(26.8),Meruliaceae(26.8),Gloeoporus(26.8)OTU_171,Fungi(100.0),Ascomycota(52.9),Lecanoromycetes(52.9),Acarosporales(30.0),Acarosporaceae(30.0),Acarospora(30.0)OTU_170,Fungi(100.0),Ascomycota(100.0),Sordariomycetes(99.0),Sordariales(96.5),Lasiosphaeriaceae(87.1),Podospora(69.6)OTU_172,Fungi(100.0),Ascomycota(32.6),Lecanoromycetes(32.6),Peltigerales(25.0),Pannariaceae(25.0),Parmeliella(25.0)OTU_176,Fungi(100.0),Basidiomycota(32.6),Agaricomycetes(32.6),Cantharellales(25.0),Clavulinaceae(25.0),Clavulina(25.0)OTU_177,Fungi(100.0),Ascomycota(100.0),Sordariomycetes(98.4),Hypocreales(97.2),Bionectriaceae(89.9),Hydropisphaera(73.5)OTU_179,Fungi(100.0),Ascomycota(96.6),Sordariomycetes(71.8),Hypocreales(39.5),Bionectriaceae(32.7),Clonostachys(32.7)OTU_175,Fungi(100.0),Ascomycota(100.0),Sordariomycetes(98.3),Diaporthales(93.8),Togniniaceae(84.3),Phaeoacremonium(68.7)OTU_184,Fungi(100.0),Ascomycota(100.0),Eurotiomycetes(99.5),Eurotiales(98.7),Trichocomaceae(96.1),Penicillium(80.9)OTU_185,Fungi(100.0),Chytridiomycota(100.0),Chytridiomycetes(99.1),Spizellomycetales(98.2),Spizellomycetaceae(95.4),Spizellomyces(83.6)OTU_173,Fungi(100.0),Glomeromycota(100.0),Glomeromycetes(99.7),Archaeosporales(99.3),Archaeosporaceae(98.8),Archaeospora(94.9)OTU_186,Fungi(100.0),Basidiomycota(100.0),Agaricomycetes(96.0),Sebacinales(87.5),Sebacinales_Group_B(70.8),Serendipita(58.3)OTU_182,Fungi(100.0),Basidiomycota(30.8),Agaricomycetes(30.8),Boletales(23.9),Boletaceae(23.9),Pulveroboletus(23.9)OTU_174,Fungi(100.0),Basidiomycota(30.8),Pucciniomycetes(30.8),Pucciniales(25.0),Pucciniaceae(25.0),Puccinia(25.0)OTU_180,Fungi(100.0),Basidiomycota(30.8),Agaricomycetes(30.8),Russulales(25.0),Russulaceae(25.0),Russula(25.0)OTU_181,Fungi(100.0),Basidiomycota(32.6),Agaricomycetes(32.6),Cantharellales(25.0),Ceratobasidiaceae(25.0),Ceratobasidium(25.0)OTU_178,Fungi(100.0),Basidiomycota(100.0),Cystobasidiomycetes(98.4),Cystobasidiales(97.4),Cystobasidiaceae(92.5),Occultifur(78.5)OTU_183,Fungi(100.0),Basidiomycota(100.0),Agaricomycetes(99.9),Agaricales(99.9),Agaricaceae(99.9),Bovista(95.4)OTU_190,Fungi(100.0),Ascomycota(100.0),Saccharomycetes(99.6),Saccharomycetales(98.9),Debaryomycetaceae(93.6),Priceomyces(78.5)OTU_188,Fungi(100.0),Ascomycota(30.8),Pezizomycetes(30.8),Pezizales(23.9),Pezizaceae(23.9),Peziza(23.9)OTU_187,Fungi(100.0),Glomeromycota(100.0),Glomeromycetes(99.8),Glomerales(99.6),Claroideoglomeraceae(99.3),Claroideoglomus(96.5)OTU_189,Fungi(100.0),Glomeromycota(43.7),Glomeromycetes(43.7),Glomerales(34.0),Glomeraceae(30.7),Glomus(30.7)OTU_193,Fungi(100.0),Ascomycota(100.0),Dothideomycetes(99.6),Capnodiales(98.9),Davidiellaceae(98.1),Cladosporium(81.4)OTU_191,Fungi(100.0),Basidiomycota(30.8),Agaricomycetes(30.8),Corticiales(25.0),Corticiaceae(25.0),Marchandiomyces(25.0)OTU_195,Fungi(100.0),Chytridiomycota(37.2),Chytridiomycetes(37.2),Rhizophydiales(26.8),Rhizophydiaceae(26.8),Rhizophydium(26.8)OTU_194,Fungi(100.0),Ascomycota(100.0),Dothideomycetes(99.1),Pleosporales(93.3),Montagnulaceae(83.2),Paraconiothyrium(65.1)OTU_192,Fungi(100.0),Basidiomycota(99.9),Agaricomycetes(89.6),Cantharellales(78.5),Clavulinaceae(47.5),Clavulina(47.5)OTU_197,Fungi(100.0),Ascomycota(100.0),Leotiomycetes(92.7),Geoglossales(87.5),Geoglossaceae(72.8),Sabuloglossum(58.3)OTU_198,Fungi(100.0),Ascomycota(37.2),Eurotiomycetes(37.2),Chaetothyriales(26.8),Herpotrichiellaceae(26.8),Exophiala(26.8)OTU_200,Fungi(100.0),Basidiomycota(30.3),Agaricomycetes(30.3),Agaricales(23.9),Tricholomataceae(23.9),Tricholoma(23.9)OTU_201,Fungi(100.0),Glomeromycota(100.0),Glomeromycetes(99.8),Archaeosporales(99.7),Archaeosporaceae(99.4),Archaeospora(97.2)OTU_196,Fungi(100.0),Ascomycota(100.0),Sordariomycetes(90.5),Hypocreales(82.9),Hypocreaceae(66.5),Mycogone(57.0)OTU_206,Fungi(100.0),Chytridiomycota(77.3),Chytridiomycetes(77.3),Rhizophydiales(52.0),Kappamycetaceae(38.0),Kappamyces(38.0)OTU_207,Fungi(100.0),Ascomycota(100.0),Eurotiomycetes(97.7),Eurotiales(96.5),Trichocomaceae(89.9),Paecilomyces(74.4)OTU_205,Fungi(100.0),Ascomycota(30.8),Leotiomycetes(30.8),Erysiphales(25.0),Erysiphaceae(25.0),Leveillula(25.0)OTU_199,Fungi(100.0),Ascomycota(100.0),Sordariomycetes(96.9),Sordariales(87.5),Lasiosphaeriaceae(58.2),Cercophora(53.4)OTU_202,Fungi(100.0),Ascomycota(100.0),Sordariomycetes(90.5),Xylariales(78.5),Xylariaceae(58.2),Nodulisporium(53.4)OTU_209,Fungi(100.0),Ascomycota(100.0),Saccharomycetes(95.2),Saccharomycetales(92.3),Pichiaceae(61.2),Pichia(54.7)OTU_211,Fungi(100.0),Basidiomycota(32.6),Pucciniomycetes(32.6),Pucciniales(25.0),Uropyxidaceae(25.0),Dasyspora(25.0)OTU_208,Fungi(100.0),Basidiomycota(30.3),Agaricomycetes(30.3),Polyporales(23.9),Meruliaceae(23.9),Hyphoderma(23.9)OTU_204,Fungi(100.0),Basidiomycota(100.0),Agaricomycetes(98.4),Agaricales(94.8),Psathyrellaceae(77.7),Psathyrella(64.1)OTU_213,Fungi(100.0),Ascomycota(32.6),Lecanoromycetes(32.6),Peltigerales(25.0),Coccocarpiaceae(25.0),Coccocarpia(25.0)OTU_214,Fungi(100.0),Basidiomycota(30.8),Agaricomycetes(30.8),Russulales(25.0),Albatrellaceae(25.0),Leucophleps(25.0)OTU_217,Fungi(100.0),Ascomycota(43.7),Eurotiomycetes(43.7),Eurotiales(30.0),Trichocomaceae(29.5),Penicillium(29.5)OTU_203,Fungi(100.0),Ascomycota(37.2),Dothideomycetes(37.2),Capnodiales(26.8),Davidiellaceae(26.8),Cladosporium(26.8)OTU_216,Fungi(100.0),Ascomycota(30.8),Saccharomycetes(30.8),Saccharomycetales(25.0),Pichiaceae(25.0),Pichia(25.0)OTU_210,Fungi(100.0),Ascomycota(100.0),Sordariomycetes(99.8),Hypocreales(99.4),Nectriaceae(99.0),Cylindrocarpon(90.1)OTU_212,Fungi(100.0),Ascomycota(96.6),Sordariomycetes(71.8),Sordariales(39.5),Chaetomiaceae(35.3),Chaetomium(35.3)OTU_222,Fungi(100.0),Glomeromycota(100.0),Glomeromycetes(99.1),Glomerales(98.2),Glomeraceae(95.3),Glomus(83.1)OTU_215,Fungi(100.0),Basidiomycota(30.3),Agaricomycetes(30.3),Russulales(23.9),Russulaceae(23.9),Lactarius(23.9)OTU_219,Fungi(100.0),Ascomycota(100.0),Dothideomycetes(99.2),Pleosporales(97.4),Pleomassariaceae(91.7),Prosthemium(77.1)OTU_218,Fungi(100.0),Ascomycota(30.8),Dothideomycetes(30.8),Botryosphaeriales(23.9),Botryosphaeriaceae(23.9),Guignardia(23.9)OTU_220,Fungi(100.0),Basidiomycota(100.0),Tremellomycetes(99.9),Filobasidiales(99.9),Filobasidiaceae(99.9),Cryptococcus(99.0)OTU_224,Fungi(100.0),Basidiomycota(32.6),Agaricomycetes(32.6),Agaricales(25.0),Marasmiaceae(25.0),Clitocybula(25.0)OTU_231,Fungi(100.0),Basidiomycota(37.2),Agaricomycetes(37.2),Russulales(30.0),Russulaceae(29.5),Lactarius(29.5)OTU_223,Fungi(100.0),Ascomycota(32.6),Pezizomycetes(32.6),Pezizales(25.0),Pezizaceae(25.0),Pachyphloeus(25.0)OTU_227,Fungi(100.0),Ascomycota(32.6),Dothideomycetes(32.6),Capnodiales(25.0),Mycosphaerellaceae(25.0),Sphaerulina(25.0)OTU_234,Fungi(100.0),Ascomycota(32.6),Leotiomycetes(32.6),Erysiphales(25.0),Erysiphaceae(25.0),Leveillula(25.0)OTU_230,Fungi(100.0),Chytridiomycota(32.6),Chytridiomycetes(32.6),Olpidiales(25.0),Olpidiaceae(25.0),Olpidium(25.0)OTU_233,Fungi(100.0),Ascomycota(30.8),Eurotiomycetes(30.8),Onygenales(23.9),Gymnoascaceae(23.9),Gymnoascus(23.9)OTU_221,Fungi(100.0),Ascomycota(43.7),Sordariomycetes(43.7),Hypocreales(26.8),Hypocreaceae(26.8),Trichoderma(26.8)OTU_232,Fungi(100.0),Basidiomycota(30.8),Agaricomycetes(30.8),Agaricales(25.0),Mycenaceae(25.0),Mycena(25.0)OTU_225,Fungi(100.0),Ascomycota(43.7),Leotiomycetes(43.7),Leotiales(26.8),Leotiaceae(26.8),Microglossum(26.8)OTU_229,Fungi(100.0),Ascomycota(100.0),Sordariomycetes(99.8),Microascales(99.6),Microascaceae(99.3),Cephalotrichum(91.5)OTU_228,Fungi(100.0),Chytridiomycota(30.8),Chytridiomycetes(30.8),Chytridiales(25.0),Chytriomycetaceae(25.0),Chytriomyces(25.0)OTU_226,Fungi(100.0),Chytridiomycota(100.0),Chytridiomycetes(94.5),Spizellomycetales(90.7),Spizellomycetaceae(77.7),Spizellomyces(64.1)OTU_240,Fungi(100.0),Basidiomycota(32.6),Agaricomycetes(32.6),Russulales(23.9),Russulaceae(23.9),Russula(23.9)OTU_237,Fungi(100.0),Ascomycota(100.0),Sordariomycetes(99.6),Hypocreales(98.8),Clavicipitaceae(96.6),Pochonia(80.9)OTU_236,Fungi(100.0),Ascomycota(32.6),Sordariomycetes(32.6),Xylariales(23.9),Amphisphaeriaceae(23.9),Pestalotiopsis(23.9)OTU_238,Fungi(100.0),Ascomycota(32.6),Lecanoromycetes(32.6),Teloschistales(25.0),Teloschistaceae(25.0),Caloplaca(25.0)OTU_235,Fungi(100.0),Ascomycota(100.0),Eurotiomycetes(99.5),Eurotiales(98.7),Trichocomaceae(97.4),Penicillium(89.6)OTU_242,Fungi(100.0),Ascomycota(30.3),Lecanoromycetes(30.3),Pertusariales(23.9),Megasporaceae(23.9),Aspicilia(23.9)OTU_243,Fungi(100.0),Glomeromycota(100.0),Glomeromycetes(99.6),Glomerales(98.9),Glomeraceae(98.1),Glomus(91.8)OTU_239,Fungi(100.0),Ascomycota(37.2),Lecanoromycetes(37.2),Peltigerales(25.0),Coccocarpiaceae(25.0),Coccocarpia(25.0)OTU_247,Fungi(100.0),Ascomycota(52.9),Lecanoromycetes(52.9),Acarosporales(30.0),Acarosporaceae(30.0),Acarospora(30.0)OTU_245,Fungi(100.0),Basidiomycota(30.8),Agaricomycetes(30.8),Agaricales(25.0),Entolomataceae(25.0),Entoloma(25.0)OTU_246,Fungi(100.0),Basidiomycota(30.8),Agaricomycetes(30.8),Polyporales(25.0),Fomitopsidaceae(25.0),Daedalea(25.0)OTU_248,Fungi(100.0),Basidiomycota(100.0),Agaricomycetes(99.9),Agaricales(99.8),Clavariaceae(99.6),Clavaria(98.1)OTU_249,Fungi(100.0),Ascomycota(30.8),Dothideomycetes(30.8),Pleosporales(25.0),Pleosporaceae(25.0),Alternaria(25.0)OTU_250,Fungi(100.0),Chytridiomycota(30.8),Chytridiomycetes(30.8),Olpidiales(25.0),Olpidiaceae(25.0),Olpidium(25.0)OTU_241,Fungi(100.0),Ascomycota(100.0),Sordariomycetes(95.2),Hypocreales(90.7),Nectriaceae(72.8),Nectria(58.3)OTU_244,Fungi(100.0),Basidiomycota(100.0),Agaricomycetes(99.7),Polyporales(99.2),Ganodermataceae(92.2),Ganoderma(77.8)OTU_256,Fungi(100.0),Glomeromycota(77.3),Glomeromycetes(77.3),Glomerales(45.3),Glomeraceae(38.0),Glomus(38.0)OTU_252,Fungi(100.0),Ascomycota(30.3),Saccharomycetes(30.3),Saccharomycetales(23.9),Saccharomycetaceae(23.9),Kazachstania(23.9)OTU_251,Fungi(100.0),Chytridiomycota(100.0),Chytridiomycetes(99.7),Spizellomycetales(99.1),Spizellomycetaceae(98.4),Spizellomyces(93.1)OTU_253,Fungi(100.0),Ascomycota(32.6),Sordariomycetes(32.6),Xylariales(25.0),Amphisphaeriaceae(25.0),Pestalotiopsis(25.0)OTU_255,Fungi(100.0),Basidiomycota(30.3),Agaricomycetes(30.3),Gomphales(23.9),Gomphaceae(23.9),Ramaria(23.9)OTU_260,Fungi(100.0),Ascomycota(98.8),Sordariomycetes(77.3),Hypocreales(52.0),Nectriaceae(38.0),Campylocarpon(38.0)OTU_258,Fungi(100.0),Basidiomycota(30.8),Ustilaginomycetes(30.8),Urocystidales(25.0),Glomosporiaceae(25.0),Thecaphora(25.0)OTU_261,Fungi(100.0),Ascomycota(100.0),Sordariomycetes(98.8),Hypocreales(97.8),Nectriaceae(94.0),Fusarium(80.3)OTU_265,Fungi(100.0),Basidiomycota(37.2),Pucciniomycetes(37.2),Pucciniales(26.8),Pucciniaceae(26.8),Puccinia(26.8)OTU_267,Fungi(100.0),Ascomycota(30.8),Pezizomycetes(30.8),Pezizales(25.0),Morchellaceae(25.0),Morchella(25.0)OTU_263,Fungi(100.0),Ascomycota(37.2),Sordariomycetes(37.2),Microascales(25.0),Halosphaeriaceae(25.0),Corollospora(25.0)OTU_268,Fungi(100.0),Glomeromycota(100.0),Glomeromycetes(99.2),Glomerales(98.5),Glomeraceae(96.1),Glomus(85.8)OTU_257,Fungi(100.0),Ascomycota(30.8),Leotiomycetes(30.8),Erysiphales(25.0),Erysiphaceae(25.0),Phyllactinia(25.0)OTU_266,Fungi(100.0),Basidiomycota(30.8),Agaricomycetes(30.8),Polyporales(25.0),Fomitopsidaceae(25.0),Postia(25.0)OTU_259,Fungi(100.0),Basidiomycota(100.0),Agaricomycetes(95.6),Agaricales(87.5),Clavariaceae(70.8),Clavaria(59.7)OTU_254,Fungi(100.0),Basidiomycota(100.0),Agaricomycetes(99.8),Agaricales(99.6),Cortinariaceae(99.3),Cortinarius(87.5)OTU_264,Fungi(100.0),Basidiomycota(100.0),Ustilaginomycetes(99.8),Ustilaginales(99.5),Ustilaginaceae(99.1),Ustilago(89.3)OTU_271,Fungi(100.0),Ascomycota(100.0),Sordariomycetes(97.9),Hypocreales(96.8),Hypocreaceae(77.7),Hypocrea(57.0)OTU_262,Fungi(100.0),Basidiomycota(100.0),Agaricomycetes(98.3),Agaricales(92.8),Psathyrellaceae(74.2),Coprinopsis(61.9)OTU_270,Fungi(100.0),Basidiomycota(30.8),Exobasidiomycetes(30.8),Microstromatales(23.9),Quambalariaceae(23.9),Quambalaria(23.9)OTU_275,Fungi(100.0),Basidiomycota(100.0),Agaricomycetes(99.8),Agaricales(99.6),Clavariaceae(99.0),Clavaria(94.9)OTU_272,Fungi(100.0),Ascomycota(30.3),Saccharomycetes(30.3),Saccharomycetales(23.9),Saccharomycopsidaceae(23.9),Saccharomycopsis(23.9)OTU_273,Fungi(100.0),Ascomycota(30.8),Sordariomycetes(30.8),Xylariales(25.0),Amphisphaeriaceae(25.0),Pestalotiopsis(25.0)OTU_274,Fungi(100.0),Basidiomycota(52.9),Agaricomycetes(52.9),Russulales(30.0),Russulaceae(29.5),Russula(29.5)OTU_276,Fungi(100.0),Basidiomycota(30.3),Agaricomycetes(30.3),Gloeophyllales(23.9),Gloeophyllaceae(23.9),Gloeophyllum(23.9)OTU_278,Fungi(100.0),Basidiomycota(32.6),Agaricomycetes(32.6),Boletales(25.0),Boletaceae(25.0),Octaviania(25.0)OTU_277,Fungi(100.0),Ascomycota(30.8),Lecanoromycetes(30.8),Candelariales(23.9),Candelariaceae(23.9),Candelariella(23.9)OTU_269,Fungi(100.0),Basidiomycota(99.9),Agaricomycetes(93.7),Agaricales(75.5),Tricholomataceae(43.9),Tricholoma(43.9)OTU_281,Fungi(100.0),Basidiomycota(32.6),Agaricomycetes(32.6),Agaricales(25.0),Marasmiaceae(25.0),Marasmius(25.0)OTU_284,Fungi(100.0),Ascomycota(96.6),Dothideomycetes(85.3),Pleosporales(72.2),Phaeosphaeriaceae(43.9),Vrystaatia(43.9)OTU_279,Fungi(100.0),Basidiomycota(100.0),Agaricomycetes(99.9),Agaricales(99.7),Entolomataceae(99.6),Entoloma(98.0)OTU_280,Fungi(100.0),Basidiomycota(37.2),Agaricomycetes(37.2),Boletales(26.8),Rhizopogonaceae(26.8),Rhizopogon(26.8)OTU_282,Fungi(100.0),Basidiomycota(100.0),Agaricomycetes(99.9),Cantharellales(99.8),Ceratobasidiaceae(99.6),Thanatephorus(86.2)OTU_287,Fungi(100.0),Ascomycota(30.8),Pezizomycetes(30.8),Pezizales(23.9),Pezizaceae(23.9),Peziza(23.9)OTU_286,Fungi(100.0),Basidiomycota(30.8),Agaricomycetes(30.8),Boletales(25.0),Boletaceae(25.0),Boletus(25.0)OTU_291,Fungi(100.0),Basidiomycota(52.9),Agaricomycetes(52.9),Agaricales(30.0),Inocybaceae(30.0),Inocybe(30.0)OTU_290,Fungi(100.0),Basidiomycota(99.5),Tremellomycetes(85.3),Filobasidiales(72.2),Filobasidiaceae(55.1),Cryptococcus(52.0)OTU_289,Fungi(100.0),Basidiomycota(37.2),Pucciniomycetes(37.2),Pucciniales(26.8),Pucciniaceae(26.8),Puccinia(26.8)OTU_297,Fungi(100.0),Basidiomycota(32.6),Agaricomycetes(32.6),Boletales(25.0),Boletaceae(25.0),Boletus(25.0)OTU_295,Fungi(100.0),Basidiomycota(43.7),Pucciniomycetes(43.7),Pucciniales(26.8),Cronartiaceae(26.8),Cronartium(26.8)OTU_296,Fungi(100.0),Ascomycota(77.3),Eurotiomycetes(71.8),Eurotiales(30.0),Trichocomaceae(30.0),Eurotium(30.0)OTU_285,Fungi(100.0),Basidiomycota(30.8),Agaricomycetes(30.8),Agaricales(25.0),Entolomataceae(25.0),Entoloma(25.0)OTU_301,Fungi(100.0),Glomeromycota(100.0),Glomeromycetes(99.6),Glomerales(98.9),Glomeraceae(97.9),Glomus(91.1)OTU_292,Fungi(100.0),Basidiomycota(37.2),Agaricomycetes(37.2),Boletales(25.0),Boletaceae(25.0),Octaviania(25.0)OTU_283,Fungi(100.0),Basidiomycota(32.6),Agaricomycetes(32.6),Cantharellales(25.0),Tulasnellaceae(25.0),Tulasnella(25.0)OTU_293,Fungi(100.0),Ascomycota(100.0),Sordariomycetes(91.3),Xylariales(84.7),Amphisphaeriaceae(61.2),Pestalotiopsis(53.4)OTU_288,Fungi(100.0),Basidiomycota(100.0),Ustilaginomycetes(99.9),Ustilaginales(99.9),Ustilaginaceae(99.9),Pseudozyma(98.8)OTU_299,Fungi(100.0),Basidiomycota(52.9),Agaricomycetes(52.9),Agaricales(34.0),Marasmiaceae(30.7),Neonothopanus(30.7)OTU_300,Fungi(100.0),Ascomycota(100.0),Saccharomycetes(99.8),Saccharomycetales(99.7),Lipomycetaceae(99.5),Lipomyces(97.3)OTU_302,Fungi(100.0),Basidiomycota(37.2),Pucciniomycetes(37.2),Pucciniales(26.8),Pucciniaceae(26.8),Puccinia(26.8)OTU_294,Fungi(100.0),Basidiomycota(32.6),Agaricomycetes(32.6),Agaricales(25.0),Cortinariaceae(25.0),Cortinarius(25.0)OTU_298,Fungi(100.0),Ascomycota(100.0),Sordariomycetes(97.5),Sordariales(90.7),Lasiosphaeriaceae(66.5),Apiosordaria(55.8)OTU_304,Fungi(100.0),Basidiomycota(30.8),Agaricomycetes(30.8),Cantharellales(25.0),Tulasnellaceae(25.0),Tulasnella(25.0)OTU_305,Fungi(100.0),Basidiomycota(32.6),Agaricomycetes(32.6),Boletales(25.0),Boletaceae(25.0),Octaviania(25.0)OTU_306,Fungi(100.0),Basidiomycota(99.7),Agaricomycetes(92.7),Sebacinales(80.9),Sebacinales_Group_B(64.0),Serendipita(55.8)OTU_309,Fungi(100.0),Chytridiomycota(37.2),Chytridiomycetes(37.2),Olpidiales(26.8),Olpidiaceae(26.8),Olpidium(26.8)OTU_303,Fungi(100.0),Basidiomycota(70.3),Agaricomycetes(70.3),Agaricales(39.5),Entolomataceae(30.7),Entoloma(30.7)OTU_310,Fungi(100.0),Basidiomycota(100.0),Ustilaginomycetes(99.9),Urocystidales(99.9),Urocystidaceae(99.9),Urocystis(95.4)OTU_311,Fungi(100.0),Ascomycota(30.8),Schizosaccharomycetes(30.8),Schizosaccharomycetales(25.0),Schizosaccharomycetaceae(25.0),Schizosaccharomyces(25.0)OTU_307,Fungi(100.0),Ascomycota(37.2),Dothideomycetes(37.2),Pleosporales(26.8),Venturiaceae(26.8),Fusicladium(26.8)OTU_313,Fungi(100.0),Glomeromycota(83.2),Glomeromycetes(79.3),Glomerales(58.2),Glomeraceae(43.9),Glomus(43.9)OTU_319,Fungi(100.0),Ascomycota(37.2),Pezizomycetes(37.2),Pezizales(26.8),Pyronemataceae(26.8),Scutellinia(26.8)OTU_318,Fungi(100.0),Basidiomycota(100.0),Agaricomycetes(99.8),Agaricales(99.6),Entolomataceae(99.3),Entoloma(96.6)OTU_320,Fungi(100.0),Ascomycota(62.0),Orbiliomycetes(62.0),Orbiliales(34.0),Orbiliaceae(32.7),Arthrobotrys(32.7)OTU_314,Fungi(100.0),Basidiomycota(30.8),Agaricomycetes(30.8),Thelephorales(25.0),Bankeraceae(25.0),Phellodon(25.0)OTU_308,Fungi(100.0),Chytridiomycota(100.0),Chytridiomycetes(94.9),Spizellomycetales(91.6),Spizellomycetaceae(79.2),Powellomyces(65.1)OTU_312,Fungi(100.0),Basidiomycota(32.6),Agaricomycetes(32.6),Boletales(25.0),Boletaceae(25.0),Phylloporus(25.0)OTU_317,Fungi(100.0),Basidiomycota(30.3),Agaricomycetes(30.3),Russulales(23.9),Russulaceae(23.9),Lactarius(23.9)OTU_324,Fungi(100.0),Basidiomycota(30.8),Agaricomycetes(30.8),Polyporales(25.0),Meruliaceae(25.0),Hyphoderma(25.0)OTU_322,Fungi(100.0),Basidiomycota(32.6),Agaricomycetes(32.6),Boletales(25.0),Boletaceae(25.0),Boletus(25.0)OTU_325,Fungi(100.0),Basidiomycota(37.2),Agaricomycetes(37.2),Agaricales(26.8),Entolomataceae(26.8),Entoloma(26.8)OTU_315,Fungi(100.0),Basidiomycota(32.6),Pucciniomycetes(32.6),Pucciniales(25.0),Melampsoraceae(25.0),Melampsora(25.0)OTU_316,Fungi(100.0),Basidiomycota(30.1),Agaricomycetes(30.1),Polyporales(23.6),Fomitopsidaceae(23.6),Antrodia(23.6)OTU_331,Fungi(100.0),Basidiomycota(32.6),Agaricomycetes(32.6),Boletales(25.0),Boletaceae(25.0),Boletus(25.0)OTU_323,Fungi(100.0),Basidiomycota(100.0),Agaricomycetes(99.4),Agaricales(98.6),Psathyrellaceae(89.9),Psathyrella(74.4)OTU_326,Fungi(100.0),Ascomycota(30.8),Sordariomycetes(30.8),Xylariales(25.0),Amphisphaeriaceae(25.0),Pestalotiopsis(25.0)OTU_329,Fungi(100.0),Basidiomycota(95.2),Agaricomycetes(84.1),Agaricales(63.6),Clavariaceae(43.9),Clavaria(43.9)OTU_327,Fungi(100.0),Basidiomycota(100.0),Tremellomycetes(99.7),Cystofilobasidiales(99.2),Cystofilobasidiaceae(98.6),Mrakia(87.1)OTU_328,Fungi(100.0),Basidiomycota(100.0),Agaricomycetes(99.8),Agaricales(99.6),Inocybaceae(99.0),Inocybe(95.1)OTU_330,Fungi(100.0),Ascomycota(98.8),Sordariomycetes(74.9),Diaporthales(45.3),Togniniaceae(38.0),Phaeoacremonium(38.0)OTU_321,Fungi(100.0),Basidiomycota(100.0),Agaricomycetes(99.9),Polyporales(99.9),Ganodermataceae(99.4),Ganoderma(97.3)OTU_333,Fungi(100.0),Basidiomycota(32.6),Agaricomycetes(32.6),Agaricales(25.0),Inocybaceae(25.0),Inocybe(25.0)OTU_334,Fungi(100.0),Basidiomycota(43.7),Agaricomycetes(43.7),Hymenochaetales(26.8),Hymenochaetaceae(26.8),Hymenochaete(26.8)OTU_332,Fungi(100.0),Ascomycota(32.6),Dothideomycetes(32.6),Capnodiales(25.0),Davidiellaceae(25.0),Cladosporium(25.0)OTU_335,Fungi(100.0),Basidiomycota(30.8),Agaricomycetes(30.8),Polyporales(23.9),Polyporaceae(23.9),Skeletocutis(23.9)OTU_336,Fungi(100.0),Ascomycota(43.7),Leotiomycetes(43.7),Erysiphales(30.0),Erysiphaceae(30.0),Leveillula(30.0)OTU_339,Fungi(100.0),Ascomycota(100.0),Sordariomycetes(99.8),Hypocreales(99.6),Hypocreaceae(99.2),Trichoderma(80.9)OTU_341,Fungi(100.0),Ascomycota(32.6),Saccharomycetes(32.6),Saccharomycetales(26.8),Saccharomycetaceae(26.8),Kazachstania(26.8)OTU_340,Fungi(100.0),Basidiomycota(100.0),Agaricomycetes(99.5),Agaricales(98.7),Clavariaceae(97.0),Clavaria(88.9)OTU_337,Fungi(100.0),Glomeromycota(100.0),Glomeromycetes(99.7),Glomerales(99.0),Glomeraceae(98.2),Rhizophagus(80.3)OTU_346,Fungi(100.0),Basidiomycota(43.7),Agaricomycetes(43.7),Boletales(30.0),Boletaceae(29.5),Boletellus(29.5)OTU_347,Fungi(100.0),Ascomycota(70.3),Leotiomycetes(67.6),Erysiphales(39.5),Erysiphaceae(32.7),Leveillula(32.7)OTU_345,Fungi(100.0),Basidiomycota(30.3),Agaricomycetes(30.3),Russulales(23.9),Russulaceae(23.9),Arcangeliella(23.9)OTU_348,Fungi(100.0),Basidiomycota(30.8),Agaricomycetes(30.8),Agaricales(25.0),Entolomataceae(25.0),Entoloma(25.0)OTU_344,Fungi(100.0),Basidiomycota(32.6),Pucciniomycetes(32.6),Pucciniales(25.0),Pucciniaceae(25.0),Endophyllum(25.0)OTU_349,Fungi(100.0),Basidiomycota(99.9),Agaricomycetes(92.0),Agaricales(80.9),Clavariaceae(64.0),Clavaria(55.8)OTU_352,Fungi(100.0),Glomeromycota(43.7),Glomeromycetes(43.7),Diversisporales(34.0),Pacisporaceae(30.7),Pacispora(30.7)OTU_338,Fungi(100.0),Basidiomycota(37.2),Agaricomycetes(37.2),Russulales(25.0),Russulaceae(25.0),Russula(25.0)OTU_342,Fungi(100.0),Ascomycota(37.2),Dothideomycetes(37.2),Pleosporales(26.8),Pleosporaceae(26.8),Alternaria(26.8)OTU_353,Fungi(100.0),Chytridiomycota(37.2),Chytridiomycetes(37.2),Rhizophydiales(26.8),Protrudomycetaceae(26.8),Protrudomyces(26.8)OTU_343,Fungi(100.0),Basidiomycota(30.3),Agaricomycetes(30.3),Polyporales(23.9),Meruliaceae(23.9),Hyphoderma(23.9)OTU_350,Fungi(100.0),Basidiomycota(32.6),Agaricomycetes(32.6),Polyporales(23.9),Meruliaceae(23.9),Podoscypha(23.9)OTU_355,Fungi(100.0),Basidiomycota(100.0),Microbotryomycetes(99.6),Sporidiobolales(98.7),Sporidiobolaceae(97.2),Sporidiobolus(88.9)OTU_351,Fungi(100.0),Basidiomycota(32.6),Agaricomycetes(32.6),Boletales(25.0),Boletaceae(25.0),Boletus(25.0)OTU_357,Fungi(100.0),Basidiomycota(100.0),Agaricomycetes(99.2),Agaricales(98.1),Clavariaceae(94.9),Clavaria(82.0)OTU_358,Fungi(100.0),Basidiomycota(30.8),Agaricomycetes(30.8),Thelephorales(23.9),Thelephoraceae(23.9),Tomentella(23.9)OTU_366,Fungi(100.0),Chytridiomycota(37.2),Chytridiomycetes(37.2),Spizellomycetales(30.0),Spizellomycetaceae(29.5),Spizellomyces(29.5)OTU_361,Fungi(100.0),Ascomycota(30.8),Pezizomycetes(30.8),Pezizales(25.0),Pyronemataceae(25.0),Genea(25.0)OTU_354,Fungi(100.0),Basidiomycota(37.2),Agaricomycetes(37.2),Agaricales(26.8),Cortinariaceae(26.8),Phaeocollybia(26.8)OTU_362,Fungi(100.0),Basidiomycota(70.3),Agaricomycetes(70.3),Boletales(30.0),Boletaceae(30.0),Octaviania(30.0)OTU_363,Fungi(100.0),Ascomycota(99.5),Sordariomycetes(77.3),Diaporthales(52.0),Togniniaceae(40.9),Phaeoacremonium(40.9)OTU_359,Fungi(100.0),Basidiomycota(30.3),Agaricomycetes(30.3),Thelephorales(23.9),Bankeraceae(23.9),Hydnellum(23.9)OTU_364,Fungi(100.0),Basidiomycota(30.8),Agaricomycetes(30.8),Boletales(23.9),Boletaceae(23.9),Boletus(23.9)OTU_356,Fungi(100.0),Ascomycota(99.5),Sordariomycetes(90.5),Chaetosphaeriales(75.5),Chaetosphaeriaceae(58.2),Chaetosphaeria(53.4)OTU_367,Fungi(100.0),Ascomycota(99.5),Sordariomycetes(84.1),Xylariales(52.0),Xylariaceae(38.0),Nodulisporium(38.0)OTU_365,Fungi(100.0),Ascomycota(30.3),Saccharomycetes(30.3),Saccharomycetales(23.9),Pichiaceae(23.9),Dekkera(23.9)OTU_370,Fungi(100.0),Basidiomycota(30.8),Agaricomycetes(30.8),Agaricales(25.0),Marasmiaceae(25.0),Marasmiellus(25.0)OTU_360,Fungi(100.0),Basidiomycota(32.6),Agaricomycetes(32.6),Polyporales(25.0),Sparassidaceae(25.0),Sparassis(25.0)OTU_368,Fungi(100.0),Basidiomycota(100.0),Microbotryomycetes(98.0),Leucosporidiales(90.7),Leucosporidiaceae(77.7),Leucosporidiella(59.7)OTU_373,Fungi(100.0),Chytridiomycota(100.0),Chytridiomycetes(99.6),Rhizophydiales(98.9),Rhizophydiaceae(98.0),Rhizophydium(91.5)OTU_371,Fungi(100.0),Ascomycota(100.0),Sordariomycetes(94.9),Hypocreales(90.7),Nectriaceae(72.8),Fusarium(59.7)OTU_372,Fungi(100.0),Ascomycota(30.8),Lecanoromycetes(30.8),Teloschistales(25.0),Teloschistaceae(25.0),Caloplaca(25.0)OTU_369,Fungi(100.0),Ascomycota(30.3),Pezizomycetes(30.3),Pezizales(23.9),Tuberaceae(23.9),Tuber(23.9)OTU_375,Fungi(100.0),Basidiomycota(100.0),Agaricomycetes(99.7),Cantharellales(99.0),Ceratobasidiaceae(98.1),Ceratobasidium(77.1)OTU_376,Fungi(100.0),Ascomycota(100.0),Saccharomycetes(99.5),Saccharomycetales(98.8),Debaryomycetaceae(90.7),Priceomyces(75.8)OTU_374,Fungi(100.0),Basidiomycota(100.0),Microbotryomycetes(99.5),Sporidiobolales(98.3),Sporidiobolaceae(95.6),Sporidiobolus(84.2)OTU_383,Fungi(100.0),Basidiomycota(98.8),Agaricomycetes(89.6),Agaricales(80.9),Clavariaceae(61.2),Clavaria(54.7)OTU_377,Fungi(100.0),Glomeromycota(100.0),Glomeromycetes(99.7),Archaeosporales(99.1),Archaeosporaceae(98.5),Archaeospora(93.3)OTU_386,Fungi(100.0),Basidiomycota(99.6),Agaricomycetes(92.7),Agaricales(87.5),Clavariaceae(68.6),Clavaria(58.3)OTU_381,Fungi(100.0),Basidiomycota(32.6),Agaricomycetes(32.6),Boletales(25.0),Boletaceae(25.0),Octaviania(25.0)OTU_380,Fungi(100.0),Basidiomycota(30.8),Agaricomycetes(30.8),Cantharellales(23.9),Tulasnellaceae(23.9),Tulasnella(23.9)OTU_387,Fungi(100.0),Basidiomycota(32.6),Dacrymycetes(32.6),Dacrymycetales(26.8),Dacrymycetaceae(26.8),Dacrymyces(26.8)OTU_385,Fungi(100.0),Ascomycota(100.0),Dothideomycetes(99.7),Dothideales(99.1),Dothioraceae(98.6),Aureobasidium(83.1)OTU_378,Fungi(100.0),Basidiomycota(30.8),Agaricomycetes(30.8),Agaricales(25.0),Cortinariaceae(25.0),Cortinarius(25.0)OTU_382,Fungi(100.0),Basidiomycota(83.2),Agaricomycetes(79.3),Agaricales(45.3),Strophariaceae(32.7),Stropharia(32.7)OTU_384,Fungi(100.0),Basidiomycota(99.3),Agaricomycetes(91.3),Sebacinales(80.9),Sebacinales_Group_B(64.0),Piriformospora(55.8)OTU_379,Fungi(100.0),Basidiomycota(100.0),Agaricomycetes(99.9),Agaricales(99.9),Agaricaceae(99.7),Agaricus(98.1)OTU_388,Fungi(100.0),Chytridiomycota(99.9),Chytridiomycetes(93.7),Rhizophydiales(87.5),Kappamycetaceae(72.8),Kappamyces(60.8)OTU_390,Fungi(100.0),Basidiomycota(37.2),Agaricomycetes(37.2),Agaricales(25.0),Cortinariaceae(25.0),Cortinarius(25.0)OTU_394,Fungi(100.0),Basidiomycota(98.2),Agaricomycetes(84.1),Sebacinales(68.1),Sebacinaceae(51.4),Efibulobasidium(50.6)OTU_395,Fungi(100.0),Basidiomycota(32.6),Agaricomycetes(32.6),Boletales(25.0),Boletaceae(25.0),Boletus(25.0)OTU_389,Fungi(100.0),Basidiomycota(30.8),Agaricomycetes(30.8),Agaricales(23.9),Pluteaceae(23.9),Volvariella(23.9)OTU_398,Fungi(100.0),Basidiomycota(100.0),Agaricomycetes(99.3),Agaricales(98.0),Clavariaceae(94.3),Ramariopsis(78.5)OTU_399,Fungi(100.0),Basidiomycota(100.0),Agaricomycetes(99.9),Atheliales(99.9),Atheliaceae(99.8),Piloderma(97.9)OTU_392,Fungi(100.0),Basidiomycota(30.8),Agaricomycetes(30.8),Agaricales(23.9),Tricholomataceae(23.9),Tricholoma(23.9)OTU_393,Fungi(100.0),Ascomycota(100.0),Leotiomycetes(99.8),Geoglossales(99.4),Geoglossaceae(99.0),Trichoglossum(95.5)OTU_405,Fungi(100.0),Basidiomycota(37.2),Agaricomycetes(37.2),Agaricales(26.8),Physalacriaceae(26.8),Mycaureola(26.8)OTU_402,Fungi(100.0),Glomeromycota(32.6),Glomeromycetes(32.6),Glomerales(25.0),Glomeraceae(25.0),Glomus(25.0)OTU_401,Fungi(100.0),Basidiomycota(30.8),Agaricomycetes(30.8),Boletales(25.0),Diplocystidiaceae(25.0),Astraeus(25.0)OTU_407,Fungi(100.0),Chytridiomycota(100.0),Chytridiomycetes(99.9),Rhizophydiales(99.7),Rhizophydiaceae(99.5),Rhizophydium(97.4)OTU_397,Fungi(100.0),Ascomycota(30.1),Lecanoromycetes(30.1),Teloschistales(23.6),Physciaceae(23.6),Physconia(23.6)OTU_404,Fungi(100.0),Ascomycota(62.0),Dothideomycetes(62.0),Pleosporales(34.0),Venturiaceae(32.7),Sympoventuria(32.7)OTU_403,Fungi(100.0),Basidiomycota(30.3),Agaricomycetes(30.3),Hymenochaetales(23.9),Hymenochaetaceae(23.9),Coltricia(23.9)OTU_400,Fungi(100.0),Basidiomycota(100.0),Agaricomycetes(99.8),Cantharellales(99.6),Ceratobasidiaceae(99.3),Ceratobasidium(84.2)OTU_391,Fungi(100.0),Basidiomycota(100.0),Agaricomycetes(98.4),Agaricales(94.4),Entolomataceae(80.5),Entoloma(65.1)OTU_409,Fungi(100.0),Basidiomycota(99.5),Tremellomycetes(85.3),Filobasidiales(58.2),Filobasidiaceae(43.9),Cryptococcus(43.9)OTU_406,Fungi(100.0),Basidiomycota(30.8),Agaricomycetes(30.8),Polyporales(23.9),Fomitopsidaceae(23.9),Fibroporia(23.9)OTU_411,Fungi(100.0),Ascomycota(30.8),Lecanoromycetes(30.8),Peltigerales(23.9),Peltigeraceae(23.9),Peltigera(23.9)OTU_410,Fungi(100.0),Basidiomycota(32.6),Agaricomycetes(32.6),Cantharellales(25.0),Tulasnellaceae(25.0),Tulasnella(25.0)OTU_413,Fungi(100.0),Basidiomycota(100.0),Tremellomycetes(94.9),Filobasidiales(91.6),Filobasidiaceae(79.2),Cryptococcus(59.7)OTU_396,Fungi(100.0),Basidiomycota(30.8),Agaricomycetes(30.8),Cantharellales(23.9),Ceratobasidiaceae(23.9),Ceratobasidium(23.9)OTU_408,Fungi(100.0),Basidiomycota(30.8),Agaricomycetes(30.8),Boletales(25.0),Boletaceae(25.0),Octaviania(25.0)OTU_412,Fungi(100.0),Basidiomycota(37.2),Agaricomycetes(37.2),Russulales(26.8),Russulaceae(26.8),Russula(26.8)OTU_414,Fungi(100.0),Basidiomycota(32.6),Agaricomycetes(32.6),Cantharellales(25.0),Tulasnellaceae(25.0),Tulasnella(25.0)OTU_417,Fungi(100.0),Basidiomycota(100.0),Microbotryomycetes(98.1),Sporidiobolales(88.8),Sporidiobolaceae(74.2),Sporidiobolus(60.8)OTU_420,Fungi(100.0),Ascomycota(77.3),Eurotiomycetes(71.8),Onygenales(34.0),Ajellomycetaceae(30.7),Ajellomyces(30.7)OTU_415,Fungi(100.0),Ascomycota(32.6),Dothideomycetes(32.6),Pleosporales(25.0),Pleosporaceae(25.0),Alternaria(25.0)OTU_418,Fungi(100.0),Basidiomycota(30.3),Agaricomycetes(30.3),Russulales(23.9),Russulaceae(23.9),Russula(23.9)OTU_423,Fungi(100.0),Ascomycota(100.0),Sordariomycetes(92.0),Hypocreales(86.1),Nectriaceae(61.2),Pleonectria(54.7)OTU_421,Fungi(100.0),Chytridiomycota(30.3),Chytridiomycetes(30.3),Chytridiales(23.9),Chytriomycetaceae(23.9),Chytriomyces(23.9)OTU_416,Fungi(100.0),Chytridiomycota(52.9),Chytridiomycetes(52.9),Rhizophydiales(34.0),Aquamycetaceae(29.5),Aquamyces(29.5)OTU_422,Fungi(100.0),Basidiomycota(30.8),Agaricomycetes(30.8),Atheliales(25.0),Atheliaceae(25.0),Athelopsis(25.0)OTU_424,Fungi(100.0),Basidiomycota(32.6),Agaricomycetes(32.6),Agaricales(25.0),Tricholomataceae(25.0),Delicatula(25.0)OTU_428,Fungi(100.0),Glomeromycota(43.7),Glomeromycetes(43.7),Diversisporales(26.8),Acaulosporaceae(26.8),Acaulospora(26.8)OTU_426,Fungi(100.0),Basidiomycota(37.2),Agaricomycetes(37.2),Boletales(25.0),Boletaceae(25.0),Octaviania(25.0)OTU_429,Fungi(100.0),Ascomycota(32.6),Lecanoromycetes(32.6),Ostropales(25.0),Stictidaceae(25.0),Stictis(25.0)OTU_419,Fungi(100.0),Ascomycota(30.3),Dothideomycetes(30.3),Pleosporales(23.9),Montagnulaceae(23.9),Deniquelata(23.9)OTU_427,Fungi(100.0),Ascomycota(100.0),Dothideomycetes(98.8),Pleosporales(95.5),Pleomassariaceae(84.3),Prosthemium(68.7)OTU_425,Fungi(100.0),Basidiomycota(100.0),Agaricomycetes(99.7),Polyporales(98.5),Polyporaceae(94.9),Trametes(80.3)